{"fmus":{"{controllerFMU}":"file:////home/mot/Work/Aarhus%20University/Overture/case-study_line_follower_robot/FMUs/LFRController.fmu","{sensorFMU}":"file:////home/mot/Work/Aarhus%20University/Overture/case-study_line_follower_robot/FMUs/Sensor_Map1.fmu","{bodyFMU}":"file:////home/mot/Work/Aarhus%20University/Overture/case-study_line_follower_robot/FMUs/Body.fmu"},"connections":{"{bodyFMU}.body.robot_x":["{sensorFMU}.sensor1.robot_x","{sensorFMU}.sensor2.robot_x"],"{bodyFMU}.body.robot_y":["{sensorFMU}.sensor1.robot_y","{sensorFMU}.sensor2.robot_y"],"{bodyFMU}.body.robot_z":["{sensorFMU}.sensor1.robot_z","{sensorFMU}.sensor2.robot_z"],"{bodyFMU}.body.robot_theta":["{sensorFMU}.sensor1.robot_theta","{sensorFMU}.sensor2.robot_theta"],"{bodyFMU}.body.total_energy_used":["{controllerFMU}.controller.total_energy_used"],"{sensorFMU}.sensor1.lf_1_sensor_reading":["{controllerFMU}.controller.lfLeftVal"],"{sensorFMU}.sensor2.lf_1_sensor_reading":["{controllerFMU}.controller.lfRightVal"],"{controllerFMU}.controller.servoRightVal":["{bodyFMU}.body.servo_right_input"],"{controllerFMU}.controller.servoLeftVal":["{bodyFMU}.body.servo_left_input"]},"parameters":{"{sensorFMU}.sensor1.lf_position_x":0.019,"{sensorFMU}.sensor1.lf_position_y":0.099,"{sensorFMU}.sensor2.lf_position_x":-0.019,"{sensorFMU}.sensor2.lf_position_y":0.099,"{controllerFMU}.controller.forwardSpeed":0.5,"{controllerFMU}.controller.forwardRotate":0.5,"{controllerFMU}.controller.backwardRotate":0},"livestream":{"{bodyFMU}.body":["robot_x","robot_y"]},"algorithm":{"type":"var-step","initsize":0.1,"size":[0.05,0.2],"constraints":{}},"multimodel_crc":null,"parallelSimulation":false,"stabalizationEnabled":false,"global_absolute_tolerance":0,"global_relative_tolerance":0.01}