time,step-size,{bodyFMU}.body.robot_theta,{bodyFMU}.body.robot_x,{bodyFMU}.body.robot_y,{bodyFMU}.body.robot_z,{bodyFMU}.body.total_energy_used,{controllerFMU}.controller.servoLeftVal,{controllerFMU}.controller.servoRightVal,{sensorFMU}.sensor1.lf_1_sensor_reading,{sensorFMU}.sensor2.lf_1_sensor_reading
0.0,0.0,0.0,0.138,-0.08,0.0,0.0,0.0,0.0,1.0000000000000002,1.0000000000000002
0.1,0.1,0.0,0.138,-0.08,0.0,0.7999999999997272,0.5,-0.5,255.00000000000006,254.00000000000006
0.2,0.1,0.0,0.138,-0.07605309972095693,0.0,2.2422673291453066,0.5,-0.5,254.00000000000006,254.00000000000006
0.30000000000000004,0.1,0.0,0.138,-0.07005193610979138,0.0,4.348554187219179,0.5,-0.5,255.00000000000006,255.00000000000006
0.4,0.1,0.0,0.138,-0.06374038297453305,0.0,6.587787064253007,0.5,-0.5,254.00000000000006,254.00000000000006
0.5,0.1,0.0,0.138,-0.05738151694142553,0.0,8.848022464695532,0.5,-0.5,255.00000000000006,255.00000000000006
0.6,0.1,0.0,0.138,-0.0510154389693538,0.0,11.11147642997048,0.5,-0.5,254.00000000000006,254.00000000000006
0.7,0.1,0.0,0.138,-0.04464826167625146,0.0,13.375421401530275,0.5,-0.5,255.00000000000006,254.00000000000006
0.7999999999999999,0.1,0.0,0.138,-0.03828091681285573,0.0,15.639441226780491,0.5,-0.5,254.00000000000006,254.00000000000006
0.8999999999999999,0.1,0.0,0.138,-0.03191354640659995,0.0,17.90347246224701,0.5,-0.5,254.00000000000006,254.00000000000006
0.9999999999999999,0.1,0.0,0.138,-0.025546172106827685,0.0,20.167505436986175,0.5,-0.5,254.00000000000006,255.00000000000006
1.0999999999999999,0.1,0.0,0.138,-0.0191151234639216,0.0,22.454179009559994,0.5,-0.5,254.00000000000006,254.00000000000006
1.2,0.1,0.0,0.138,-0.012747748479888271,0.0,24.718212289965322,0.5,-0.5,255.00000000000006,254.00000000000006
1.3,0.1,0.0,0.138,-0.006380373482322135,0.0,26.982245576416517,0.5,-0.5,254.00000000000006,254.00000000000006
1.4000000000000001,0.1,0.0,0.138,-1.2998482693135638E-5,0.0,29.246278863788575,0.5,-0.5,254.00000000000006,254.00000000000006
1.5000000000000002,0.1,0.0,0.138,0.006354376517250335,0.0,31.510312151300695,0.5,-0.5,254.00000000000006,254.00000000000006
1.6000000000000003,0.1,0.0,0.138,0.012721751517241683,0.0,33.77434543883555,0.5,-0.5,254.00000000000006,255.00000000000006
1.7000000000000004,0.1,0.0,0.138,0.0190891265172404,0.0,36.03837872637314,0.5,-0.5,255.00000000000006,254.00000000000006
1.8000000000000005,0.1,0.0,0.138,0.025456501517239688,0.0,38.302412013910725,0.5,-0.5,254.00000000000006,254.00000000000006
1.9000000000000006,0.1,0.0,0.138,0.03182387651723899,0.0,40.566445301448766,0.5,-0.5,254.00000000000006,255.00000000000006
2.0000000000000004,0.1,0.0,0.138,0.038191251517238275,0.0,42.83047858898635,0.5,-0.5,255.00000000000006,254.00000000000006
2.1000000000000005,0.1,0.0,0.138,0.04455862651723756,0.0,45.09451187652485,0.5,-0.5,254.00000000000006,254.00000000000006
2.2000000000000006,0.1,0.0,0.138,0.05092600151723685,0.0,47.358545164063344,0.5,-0.5,254.00000000000006,254.00000000000006
2.3000000000000007,0.1,0.0,0.138,0.057293376517236136,0.0,49.62257845160093,0.5,-0.5,254.00000000000006,254.00000000000006
2.400000000000001,0.1,0.0,0.138,0.06366075151723542,0.0,51.88661173913897,0.5,-0.5,254.00000000000006,254.00000000000006
2.500000000000001,0.1,0.0,0.138,0.07002812651723471,0.0,54.150645026677466,0.5,-0.5,254.00000000000006,254.00000000000006
2.600000000000001,0.1,0.0,0.138,0.076395501517234,0.0,56.41467831421551,0.5,-0.5,254.00000000000006,255.00000000000006
2.700000000000001,0.1,0.0,0.138,0.08276287651723328,0.0,58.678711601754,0.5,-0.5,254.00000000000006,254.00000000000006
2.800000000000001,0.1,0.0,0.138,0.08913025151723257,0.0,60.942744889292044,0.5,-0.5,254.00000000000006,255.00000000000006
2.9000000000000012,0.1,0.0,0.138,0.09549762651723186,0.0,63.20677817682963,0.5,-0.5,254.00000000000006,254.00000000000006
3.0000000000000013,0.1,0.0,0.138,0.10186500151723114,0.0,65.47081146436858,0.5,-0.5,255.00000000000006,254.00000000000006
3.1000000000000014,0.1,0.0,0.138,0.10823237651723043,0.0,67.73484475190662,0.5,-0.5,254.00000000000006,254.00000000000006
3.2000000000000015,0.1,0.0,0.138,0.11459975151722972,0.0,69.99887803944421,0.5,-0.5,254.00000000000006,255.00000000000006
3.3000000000000016,0.1,0.0,0.138,0.120967126517229,0.0,72.2629113269827,0.5,-0.5,254.00000000000006,254.00000000000006
3.4000000000000017,0.1,0.0,0.138,0.1273345015172283,0.0,74.52694461452165,0.5,-0.5,254.00000000000006,255.00000000000006
3.5000000000000018,0.1,0.0,0.138,0.1337018765172276,0.0,76.7909779020597,0.5,-0.5,255.00000000000006,255.00000000000006
3.600000000000002,0.1,0.0,0.138,0.14006925151722688,0.0,79.05501118959728,0.5,-0.5,255.00000000000006,81.00000000000001
3.700000000000002,0.1,0.0,0.138,0.14643662651722616,0.0,81.31904447713532,0.0,-0.5,254.00000000000006,0.0
3.800000000000002,0.1,0.047380359752091664,0.1367582365206035,0.1508020049187283,0.0,82.86276353692756,0.0,-0.5,254.00000000000006,1.0000000000000002
3.900000000000002,0.1,0.1070194154633454,0.13503490817255173,0.15404516126767287,0.0,84.13672777670854,0.0,-0.5,254.00000000000006,1.0000000000000002
4.000000000000002,0.1,0.1670741349143104,0.1331298385611389,0.15702396034949756,0.0,85.3754081614311,0.0,-0.5,255.00000000000006,255.00000000000006
4.100000000000001,0.1,0.2271432256638218,0.1310534567030018,0.15985970730806653,0.0,86.60879715758529,0.0,-0.5,255.00000000000006,254.00000000000006
4.200000000000001,0.1,0.2872127896369481,0.12881145461305765,0.162562186702288,0.0,87.84138042479617,0.0,-0.5,254.00000000000006,254.00000000000006
4.300000000000001,0.1,0.3472823655427957,0.12641142357380056,0.16512467245630424,0.0,89.07384085294552,0.0,-0.5,130.00000000000003,254.00000000000006
4.4,0.1,0.4073519411573281,0.12386191661166443,0.16753837604078464,0.0,90.30628255472902,0.5,-0.0,1.0000000000000002,254.00000000000006
4.5,0.1,0.3726576979270075,0.12341094092942823,0.17079448271838504,0.0,91.50585578354048,0.5,-0.0,1.0000000000000002,254.00000000000006
4.6,0.1,0.313451597899119,0.12371377743179264,0.17428293130604744,0.0,92.73661448721214,0.5,-0.0,0.0,254.00000000000006
4.699999999999999,0.1,0.2534122895490749,0.12424463357988619,0.17775307141265118,0.0,93.96899735961597,0.5,-0.0,225.00000000000006,254.00000000000006
4.799999999999999,0.1,0.19334377499717362,0.12498354300733489,0.18118524411954473,0.0,95.20143437296838,0.5,-0.0,254.00000000000006,254.00000000000006
4.899999999999999,0.1,0.1332742367091118,0.12592718965902736,0.18456686899532398,0.0,96.43387275569785,0.5,-0.0,254.00000000000006,109.00000000000003
4.999999999999998,0.1,0.07380535829320059,0.12705971278413034,0.18785290532023713,0.0,97.65398672235415,0.0,-0.5,254.00000000000006,1.0000000000000002
5.099999999999998,0.1,0.10849960160098292,0.12595254112292106,0.19094802505514713,0.0,98.85355944080311,0.0,-0.5,254.00000000000006,248.00000000000006
5.1999999999999975,0.1,0.16770570162969556,0.12406961595714358,0.19390024017396812,0.0,100.08431806667159,0.0,-0.5,254.00000000000006,190.00000000000003
5.299999999999997,0.1,0.22774500997932462,0.12199303374511934,0.19673069713168867,0.0,101.31670092721424,0.0,-0.5,254.00000000000006,1.0000000000000002
5.399999999999997,0.1,0.2878135245311429,0.11974959215043843,0.19943120937788555,0.0,102.54913793875858,0.0,-0.5,254.00000000000006,1.0000000000000002
5.4999999999999964,0.1,0.3478830628191912,0.11734805302077017,0.2019921595149614,0.0,103.78157632121292,0.0,-0.5,254.00000000000006,1.0000000000000002
5.599999999999996,0.1,0.407952636988207,0.11479710205391468,0.2044043172112282,0.0,105.01401467122741,0.0,-0.5,255.00000000000006,1.0000000000000002
5.699999999999996,0.1,0.4680222124143508,0.11210594190759415,0.20665898177568975,0.0,106.24645300783413,0.0,-0.5,255.00000000000006,195.00000000000006
5.799999999999995,0.1,0.5280917878844683,0.10928428032743268,0.20874802009340332,0.0,107.47889134210072,0.0,-0.5,254.00000000000006,254.00000000000006
5.899999999999995,0.1,0.5881613633561134,0.10634229580309283,0.2106638964500585,0.0,108.71132967600033,0.0,-0.5,255.00000000000006,255.00000000000006
5.999999999999995,0.1,0.6482309388278119,0.10329060086357436,0.2123996997655197,0.0,109.94376800984355,0.0,-0.5,254.00000000000006,254.00000000000006
6.099999999999994,0.1,0.7083005142995115,0.10014020379335276,0.21394916853046558,0.0,111.17620634367859,0.0,-0.5,37.00000000000001,254.00000000000006
6.199999999999994,0.1,0.768370089771211,0.09690246892212953,0.21530671339426632,0.0,112.4086446775118,0.5,-0.0,1.0000000000000002,254.00000000000006
6.299999999999994,0.1,0.7336758465105024,0.0953304211976265,0.21819362543441573,0.0,113.60821739300172,0.5,-0.0,1.0000000000000002,254.00000000000006
6.399999999999993,0.1,0.6744697464834509,0.0943815223890605,0.22156417024587138,0.0,114.83897601842045,0.5,-0.0,15.000000000000004,254.00000000000006
6.499999999999993,0.1,0.6144304381338829,0.09365241140065486,0.22499812968614702,0.0,116.07135887889535,0.5,-0.0,255.00000000000006,193.00000000000006
6.5999999999999925,0.1,0.5543619235820674,0.09313135317291202,0.22847005925104513,0.0,117.30379589042923,0.5,-0.0,254.00000000000006,1.0000000000000002
6.699999999999992,0.1,0.49429238529401864,0.09281968918254448,0.23196701812311954,0.0,118.53623427288221,0.0,-0.5,254.00000000000006,3.000000000000001
6.799999999999992,0.1,0.5289866298571921,0.09054551924115524,0.2343405696482338,0.0,119.73580700806588,0.0,-0.5,254.00000000000006,254.00000000000006
6.8999999999999915,0.1,0.5881927299299687,0.0876215059438527,0.2362669983639698,0.0,120.96656563643592,0.0,-0.5,255.00000000000006,254.00000000000006
6.999999999999991,0.1,0.6482320382811564,0.08457040732741214,0.23800322344042996,0.0,122.1989484973501,0.0,-0.5,254.00000000000006,254.00000000000006
7.099999999999991,0.1,0.7083005528330315,0.08142002850430846,0.23955271040492565,0.0,123.43138550895173,0.0,-0.5,254.00000000000006,254.00000000000006
7.19999999999999,0.1,0.7683700911210821,0.07818229394988194,0.24091025626095874,0.0,124.66382389141381,0.0,-0.5,254.00000000000006,254.00000000000006
7.29999999999999,0.1,0.8284396652900977,0.07486890062129632,0.24207098027513246,0.0,125.89626224142921,0.0,-0.5,254.00000000000006,254.00000000000006
7.39999999999999,0.1,0.8885092407162413,0.07149180120144093,0.2430306962434275,0.0,127.12870057803684,0.0,-0.5,254.00000000000006,255.00000000000006
7.499999999999989,0.1,0.948578816186359,0.06806317777559455,0.24378594227590483,0.0,128.36113891230343,0.0,-0.5,254.00000000000006,254.00000000000006
7.599999999999989,0.1,1.008648391658004,0.06459539830468942,0.24433399400395128,0.0,129.59357724620304,0.0,-0.5,254.00000000000006,254.00000000000006
7.699999999999989,0.1,1.0687179671296925,0.06110097200107463,0.2446728744584677,0.0,130.8260155800458,0.0,-0.5,254.00000000000006,254.00000000000006
7.799999999999988,0.1,1.128787542601381,0.057592504200288455,0.2448013612066186,0.0,132.05845391388084,0.0,-0.5,254.00000000000006,254.00000000000006
7.899999999999988,0.1,1.1888571180730694,0.05408265088947249,0.24471899076215692,0.0,133.29089224771405,0.0,-0.5,255.00000000000006,254.00000000000006
7.999999999999988,0.1,1.2489266935447578,0.05058407305369898,0.24442606025743674,0.0,134.52333058154727,0.0,-0.5,254.00000000000006,255.00000000000006
8.099999999999987,0.1,1.3089962690164463,0.04710939100437232,0.24392362637158965,0.0,135.75576891538003,0.0,-0.5,254.00000000000006,254.00000000000006
8.199999999999987,0.1,1.3690658444881347,0.04367113885436727,0.243213501518802,0.0,136.9882072492128,0.0,-0.5,254.00000000000006,254.00000000000006
8.299999999999986,0.1,1.4291354199598232,0.04028171930411223,0.24229824731044802,0.0,138.22064558304555,0.0,-0.5,254.00000000000006,255.00000000000006
8.399999999999986,0.1,1.4892049954315116,0.03695335890171164,0.24118116531466977,0.0,139.45308391687877,0.0,-0.5,254.00000000000006,254.00000000000006
8.499999999999986,0.1,1.5492745709032,0.0336980639384981,0.23986628514673147,0.0,140.68552225071107,0.0,-0.5,254.00000000000006,254.00000000000006
8.599999999999985,0.1,1.6093441463748885,0.030527577139109918,0.23835834993311455,0.0,141.91796058454383,0.0,-0.5,254.00000000000006,254.00000000000006
8.699999999999985,0.1,1.669413721846577,0.02745333530232405,0.2366627992017843,0.0,143.15039891837614,0.0,-0.5,254.00000000000006,254.00000000000006
8.799999999999985,0.1,1.7294832973182654,0.024486428045446595,0.23478574926034707,0.0,144.3828372522089,0.0,-0.5,255.00000000000006,254.00000000000006
8.899999999999984,0.1,1.789552872789954,0.021637557801080107,0.23273397113288702,0.0,145.6152755860412,0.0,-0.5,254.00000000000006,254.00000000000006
8.999999999999984,0.1,1.8496224482616423,0.018917001210569606,0.23051486613505817,0.0,146.84771391987397,0.0,-0.5,254.00000000000006,254.00000000000006
9.099999999999984,0.1,1.9096920237333308,0.016334572053393115,0.22813643917554793,0.0,148.08015225370673,0.0,-0.5,254.00000000000006,254.00000000000006
9.199999999999983,0.1,1.9697615992050193,0.013899585846219059,0.22560726988021956,0.0,149.3125905875395,0.0,-0.5,254.00000000000006,254.00000000000006
9.299999999999983,0.1,2.029831174676708,0.011620826239331639,0.2229364816430922,0.0,150.5450289213727,0.0,-0.5,255.00000000000006,254.00000000000006
9.399999999999983,0.1,2.0899007501483964,0.009506513331641264,0.2201337087158048,0.0,151.77746725520592,0.0,-0.5,254.00000000000006,254.00000000000006
9.499999999999982,0.1,2.149970325620085,0.00756427401857665,0.21720906145427976,0.0,153.00990558903914,0.0,-0.5,254.00000000000006,190.00000000000003
9.599999999999982,0.1,2.2100399010917733,0.005801114479821151,0.2141730898479473,0.0,154.24234392287235,0.0,-0.5,254.00000000000006,16.000000000000004
9.699999999999982,0.1,2.2701094765634617,0.004223394906138267,0.21103674546309747,0.0,155.47478225670602,0.0,-0.5,254.00000000000006,1.0000000000000002
9.799999999999981,0.1,2.33017905203515,0.0028368065564518263,0.20781134193763368,0.0,156.70722059053924,0.0,-0.5,255.00000000000006,1.0000000000000002
9.89999999999998,0.1,2.3908493232615555,0.0016354522768735336,0.20447513499891973,0.0,157.95198330771063,0.0,-0.5,254.00000000000006,0.0
9.99999999999998,0.1,2.450918898733244,6.474477868873563E-4,0.20110620307895943,0.0,159.18442164154385,0.0,-0.5,254.00000000000006,77.00000000000001
10.09999999999998,0.1,2.5109884742049324,-1.365260758785236E-4,0.1976840341561768,0.0,160.41685997537752,0.0,-0.5,254.00000000000006,254.00000000000006
10.19999999999998,0.1,2.571058049676621,-7.136413068046243E-4,0.19422097291447266,0.0,161.64929830921074,0.0,-0.5,255.00000000000006,254.00000000000006
10.29999999999998,0.1,2.6311276251483093,-0.0010818160960034406,0.1907295115473428,0.0,162.8817366430444,0.0,-0.5,254.00000000000006,254.00000000000006
10.399999999999979,0.1,2.691197200619998,-0.0012397223379679578,0.1872222446951758,0.0,164.11417497687762,0.0,-0.5,44.00000000000001,254.00000000000006
10.499999999999979,0.1,2.7512667760916862,-0.0011867904224046877,0.18371182401299618,0.0,165.34661331071084,0.5,-0.0,1.0000000000000002,254.00000000000006
10.599999999999978,0.1,2.7165725328309804,-0.00320235502879318,0.18111507710712588,0.0,166.5461860262012,0.5,-0.0,29.000000000000007,254.00000000000006
10.699999999999978,0.1,2.657366432803928,-0.005910656217135518,0.1788955983511667,0.0,167.7769446516204,0.5,-0.0,1.0000000000000002,255.00000000000006
10.799999999999978,0.1,2.5973271244543596,-0.008765095716993937,0.1768521073645168,0.0,169.00932751209575,0.5,-0.0,1.0000000000000002,254.00000000000006
10.899999999999977,0.1,2.537258609902543,-0.011737658899024922,0.17498404293598568,0.0,170.241764523631,0.5,-0.0,254.00000000000006,255.00000000000006
10.999999999999977,0.1,2.477189071614498,-0.014817025638617698,0.1732978174828027,0.0,171.47420290608352,0.5,-0.0,254.00000000000006,255.00000000000006
11.099999999999977,0.1,2.41711949744548,-0.017992068657148808,0.17179949928648092,0.0,172.70664125609846,0.5,-0.0,254.00000000000006,254.00000000000006
11.199999999999976,0.1,2.357049922019336,-0.02125133425340986,0.17049449238825704,0.0,173.93907959270564,0.5,-0.0,255.00000000000006,0.0
11.299999999999976,0.1,2.296980346549218,-0.024583065393692538,0.16938750423352994,0.0,175.1715179269736,0.0,-0.5,254.00000000000006,1.0000000000000002
11.399999999999975,0.1,2.331674589809977,-0.026370437669146624,0.1666287190794255,0.0,176.37109064253036,0.0,-0.5,254.00000000000006,254.00000000000006
11.499999999999975,0.1,2.390880689837031,-0.027573308816863984,0.1633402418821186,0.0,177.60184926796,0.0,-0.5,254.00000000000006,50.000000000000014
11.599999999999975,0.1,2.4509199981866003,-0.028561860823838325,0.15997179339647694,0.0,178.83423212843672,0.0,-0.5,254.00000000000006,0.0
11.699999999999974,0.1,2.510988512738417,-0.029345856592368574,0.1565496380500258,0.0,180.06666913997242,0.0,-0.5,255.00000000000006,223.00000000000006
11.799999999999974,0.1,2.571058051026462,-0.029922972861748776,0.1530865768886413,0.0,181.2991075224254,0.0,-0.5,254.00000000000006,254.00000000000006
11.899999999999974,0.1,2.63112762519548,-0.03029114772129793,0.14959511546686555,0.0,182.5315458724399,0.0,-0.5,253.00000000000006,255.00000000000006
11.999999999999973,0.1,2.691197200621624,-0.030449053970252826,0.14608784860391894,0.0,183.76398420904707,0.0,-0.5,1.0000000000000002,254.00000000000006
12.099999999999973,0.1,2.751266776091742,-0.030396122055538433,0.14257742791997802,0.0,184.99642254331457,0.5,-0.0,121.00000000000003,254.00000000000006
12.199999999999973,0.1,2.716572532830983,-0.03241168666204308,0.13998068101383282,0.0,186.1959952588718,0.5,-0.0,255.00000000000006,255.00000000000006
12.299999999999972,0.1,2.657366432803929,-0.03511998785040496,0.13776120225783278,0.0,187.42675388430098,0.5,-0.0,254.00000000000006,254.00000000000006
12.399999999999972,0.1,2.5973271244543596,-0.03797442735026679,0.13571771127117693,0.0,188.65913674477815,0.5,-0.0,254.00000000000006,255.00000000000006
12.499999999999972,0.1,2.537258609902543,-0.04094699053229828,0.13384964684264467,0.0,189.8915737563134,0.5,-0.0,0.0,254.00000000000006
12.599999999999971,0.1,2.477189071614498,-0.04402635727189111,0.1321634213894619,0.0,191.12401213876592,0.5,-0.0,1.0000000000000002,254.00000000000006
12.69999999999997,0.1,2.41711949744548,-0.047201400290422246,0.13066510319314023,0.0,192.35645048878087,0.5,-0.0,23.000000000000004,254.00000000000006
12.79999999999997,0.1,2.357049922019336,-0.0504606658866833,0.1293600962949164,0.0,193.5888888253885,0.5,-0.0,254.00000000000006,254.00000000000006
12.89999999999997,0.1,2.296980346549218,-0.05379239702696598,0.1282531081401896,0.0,194.82132715965645,0.5,-0.0,254.00000000000006,254.00000000000006
12.99999999999997,0.1,2.2369107710775715,-0.05718457526611781,0.1273481319254352,0.0,196.05376549355606,0.5,-0.0,255.00000000000006,254.00000000000006
13.09999999999997,0.1,2.176841195605883,-0.0606249641056692,0.12664843214228655,0.0,197.28620382740064,0.5,-0.0,255.00000000000006,2.0000000000000004
13.199999999999969,0.1,2.1167716201341946,-0.06410115313773751,0.1261565327959438,0.0,198.51864216123522,0.0,-0.5,254.00000000000006,1.0000000000000002
13.299999999999969,0.1,2.1514658633949004,-0.06635405189473989,0.1237627821058389,0.0,199.7182148767265,0.0,-0.5,254.00000000000006,254.00000000000006
13.399999999999968,0.1,2.210671963421953,-0.06812685407123162,0.1207431540297413,0.0,200.9489735021457,0.0,-0.5,254.00000000000006,7.000000000000002
13.499999999999968,0.1,2.270711271771521,-0.06970314137396733,0.11760643622125043,0.0,202.1813563626215,0.0,-0.5,254.00000000000006,0.0
13.599999999999968,0.1,2.3307797863233377,-0.07108781110507562,0.11438021764278063,0.0,203.41379337415583,0.0,-0.5,254.00000000000006,232.00000000000006
13.699999999999967,0.1,2.390849324611383,-0.07227628323154536,0.11107667563449979,0.0,204.64623175660927,0.0,-0.5,254.00000000000006,254.00000000000006
13.799999999999967,0.1,2.450918898780401,-0.07326428780053695,0.10770774367338755,0.0,205.87867010662376,0.0,-0.5,254.00000000000006,255.00000000000006
13.899999999999967,0.1,2.510988474206545,-0.07404826167211231,0.10428557474125265,0.0,207.1111084432314,0.0,-0.5,30.000000000000007,254.00000000000006
13.999999999999966,0.1,2.571058049676663,-0.0746253769041891,0.10082251349796804,0.0,208.34354677749798,0.5,-0.0,1.0000000000000002,254.00000000000006
14.099999999999966,0.1,2.536363806415904,-0.0770737298020554,0.09862907709244394,0.0,209.5431194930561,0.5,-0.0,247.00000000000006,254.00000000000006
14.199999999999966,0.1,2.4771577063888497,-0.08013598168747701,0.09693096205940017,0.0,210.7738781184853,0.5,-0.0,0.0,254.00000000000006
14.299999999999965,0.1,2.4171183980392805,-0.0833104622104758,0.09543217799222566,0.0,212.00626097896247,0.5,-0.0,0.0,255.00000000000006
14.399999999999965,0.1,2.357049883487464,-0.08656971099078659,0.09412715156783373,0.0,213.23869799049726,0.5,-0.0,251.00000000000006,254.00000000000006
14.499999999999964,0.1,2.296980345199419,-0.08990144188935459,0.09302016240103957,0.0,214.4711363729507,0.5,-0.0,254.00000000000006,254.00000000000006
14.599999999999964,0.1,2.236910771030401,-0.09329362017136006,0.09211518610850854,0.0,215.70357472296473,0.5,-0.0,254.00000000000006,255.00000000000006
14.699999999999964,0.1,2.176841195604257,-0.09673400902044102,0.09141548631681005,0.0,216.93601305957282,0.5,-0.0,254.00000000000006,1.0000000000000002
14.799999999999963,0.1,2.1167716201341387,-0.10021019805411174,0.09092358696935952,0.0,218.16845139383986,0.0,-0.5,254.00000000000006,1.0000000000000002
14.899999999999963,0.1,2.1514658633948978,-0.10246309681136648,0.08852983627909787,0.0,219.36802410939708,0.0,-0.5,254.00000000000006,254.00000000000006
14.999999999999963,0.1,2.210671963421952,-0.1042358989878954,0.0855102082029746,0.0,220.59878273482627,0.0,-0.5,254.00000000000006,255.00000000000006
15.099999999999962,0.1,2.270711271771521,-0.10581218629063677,0.08237349039447948,0.0,221.83116559530345,0.0,-0.5,254.00000000000006,22.000000000000004
15.199999999999962,0.1,2.3307797863233377,-0.10719685602174597,0.0791472718160091,0.0,223.06360260683823,0.0,-0.5,254.00000000000006,1.0000000000000002
15.299999999999962,0.1,2.390849324611383,-0.1083853281482158,0.07584372980772809,0.0,224.29604098929167,0.0,-0.5,254.00000000000006,0.0
15.399999999999961,0.1,2.450918898780401,-0.1093733327172074,0.07247479784661583,0.0,225.5284793393066,0.0,-0.5,254.00000000000006,255.00000000000006
15.499999999999961,0.1,2.510988474206545,-0.11015730658878276,0.06905262891448093,0.0,226.76091767591424,0.0,-0.5,254.00000000000006,254.00000000000006
15.59999999999996,0.1,2.571058049676663,-0.11073442182085955,0.06558956767119632,0.0,227.99335601018083,0.0,-0.5,254.00000000000006,254.00000000000006
15.69999999999996,0.1,2.6311276251483093,-0.11110259661021527,0.062098106303813225,0.0,229.2257943440818,0.0,-0.5,205.00000000000006,254.00000000000006
15.79999999999996,0.1,2.691197200619998,-0.11126050285220107,0.05859083945160627,0.0,230.45823267792548,0.0,-0.5,1.0000000000000002,254.00000000000006
15.89999999999996,0.1,2.7512667760916862,-0.11120757093664083,0.055080418769420283,0.0,231.69067101176097,0.5,-0.0,1.0000000000000002,254.00000000000006
15.99999999999996,0.1,2.7165725328309804,-0.11322313554302993,0.052483671863548784,0.0,232.89024372725135,0.5,-0.0,30.000000000000007,255.00000000000006
16.09999999999996,0.1,2.657366432803928,-0.11593143673137263,0.050264193107589825,0.0,234.12100235267098,0.5,-0.0,1.0000000000000002,254.00000000000006
16.19999999999996,0.1,2.5973271244543596,-0.11878587623123144,0.048220702120940304,0.0,235.35338521314634,0.5,-0.0,19.000000000000004,254.00000000000006
16.29999999999996,0.1,2.537258609902543,-0.12175843941326253,0.04635263769240881,0.0,236.58582222468203,0.5,-0.0,254.00000000000006,254.00000000000006
16.399999999999963,0.1,2.477189071614498,-0.12483780615285522,0.04466641223922617,0.0,237.81826060713547,0.5,-0.0,255.00000000000006,51.000000000000014
16.499999999999964,0.1,2.41711949744548,-0.12801284917138633,0.04316809404290449,0.0,239.0506989571495,0.0,-0.5,254.00000000000006,0.0
16.599999999999966,0.1,2.451813740751708,-0.12945669663411025,0.04021497708562005,0.0,240.25027167553708,0.0,-0.5,255.00000000000006,242.00000000000006
16.699999999999967,0.1,2.511019840780368,-0.1302567722853989,0.03680603879934094,0.0,241.48103030139646,0.0,-0.5,255.00000000000006,236.00000000000006
16.79999999999997,0.1,2.5710591491299946,-0.13083448902673395,0.03334339188699993,0.0,242.71341316193912,0.0,-0.5,254.00000000000006,39.00000000000001
16.89999999999997,0.1,2.631127663681815,-0.1312026871909509,0.02985194137289182,0.0,243.94585017348436,0.0,-0.5,254.00000000000006,1.0000000000000002
16.99999999999997,0.1,2.6911972019698602,-0.13136059447351361,0.026344674476000515,0.0,245.1782885559387,0.0,-0.5,254.00000000000006,1.0000000000000002
17.099999999999973,0.1,2.7512667761388783,-0.1313076626212446,0.022834253731136178,0.0,246.41072690595365,0.0,-0.5,255.00000000000006,1.0000000000000002
17.199999999999974,0.1,2.8113363515650223,-0.13104408349346053,0.019333342239141585,0.0,247.64316524256174,0.0,-0.5,254.00000000000006,0.0
17.299999999999976,0.1,2.8714059270351404,-0.13057080794363052,0.015854568688050893,0.0,248.87560357682923,0.0,-0.5,254.00000000000006,1.0000000000000002
17.399999999999977,0.1,2.9314755025067867,-0.12988954320844076,0.0124104819417519,0.0,250.10804191072975,0.0,-0.5,254.00000000000006,1.0000000000000002
17.49999999999998,0.1,2.991545077978475,-0.1290027467935484,0.009013505746312489,0.0,251.34048024457343,0.0,-0.5,254.00000000000006,0.0
17.59999999999998,0.1,3.0516146534501636,-0.12791361761223757,0.005675893908482749,0.0,252.57291857840937,0.0,-0.5,254.00000000000006,37.00000000000001
17.69999999999998,0.1,3.111684228921852,-0.12662608444645873,0.002409686091979793,0.0,253.8053569122435,0.0,-0.5,255.00000000000006,252.00000000000006
17.799999999999983,0.1,3.1717538043935405,-0.12514479177469962,-7.733356129657476E-4,0.0,255.03779524607626,0.0,-0.5,254.00000000000006,255.00000000000006
17.899999999999984,0.1,3.231823379865229,-0.12347508301811017,-0.0038616891908012374,0.0,256.2702335799104,0.0,-0.5,254.00000000000006,255.00000000000006
17.999999999999986,0.1,3.2918929553369174,-0.12162298126534321,-0.006844234119374459,0.0,257.50267191374314,0.0,-0.5,201.00000000000006,255.00000000000006
18.099999999999987,0.1,3.351962530808606,-0.11959516754565408,-0.009710211556794607,0.0,258.7351102475777,0.0,-0.5,1.0000000000000002,255.00000000000006
18.19999999999999,0.1,3.4120321062802943,-0.11739895672863154,-0.012449283151469093,0.0,259.9675485814105,0.5,-0.0,1.0000000000000002,254.00000000000006
18.29999999999999,0.1,3.3773378630195885,-0.1173966120385847,-0.015736468828929803,0.0,261.1671212969013,0.5,-0.0,1.0000000000000002,254.00000000000006
18.39999999999999,0.1,3.318131762992536,-0.11817273613982537,-0.019150939894029474,0.0,262.3978799223205,0.5,-0.0,1.0000000000000002,254.00000000000006
18.499999999999993,0.1,3.2580924546429677,-0.11917224720316699,-0.022516152800388947,0.0,263.63026278279676,0.5,-0.0,253.00000000000006,254.00000000000006
18.599999999999994,0.1,3.198023940091151,-0.12037268261378736,-0.02581535746291585,0.0,264.86269979433155,0.5,-0.0,255.00000000000006,254.00000000000006
18.699999999999996,0.1,3.137954401803106,-0.12176904031251518,-0.029036543730903988,0.0,266.095138176785,0.5,-0.0,254.00000000000006,254.00000000000006
18.799999999999997,0.1,3.077884827634088,-0.12335625929306399,-0.03216809151031569,0.0,267.3275765267995,0.5,-0.0,254.00000000000006,1.0000000000000002
18.9,0.1,3.018415947962605,-0.12510999366623143,-0.03516893451754597,0.0,268.5476904800594,0.0,-0.5,254.00000000000006,1.0000000000000002
19.0,0.1,3.0531101912249436,-0.12462998074137216,-0.03842088512915717,0.0,269.7472631959963,0.0,-0.5,254.00000000000006,254.00000000000006
19.1,0.1,3.1123162912520512,-0.12336124812202665,-0.04168451789303666,0.0,270.9780218214837,0.0,-0.5,255.00000000000006,15.000000000000004
19.200000000000003,0.1,3.1723555996016226,-0.12187877408832498,-0.0448666478417605,0.0,272.21040468196907,0.0,-0.5,255.00000000000006,1.0000000000000002
19.300000000000004,0.1,3.2324241141534396,-0.1202072358870031,-0.047954002149558195,0.0,273.4428416935066,0.0,-0.5,254.00000000000006,229.00000000000006
19.400000000000006,0.1,3.2924936524414847,-0.11835334369919887,-0.050935434615987256,0.0,274.67528007595956,0.0,-0.5,255.00000000000006,254.00000000000006
19.500000000000007,0.1,3.3525632266105028,-0.11632380878171839,-0.05380019352481012,0.0,275.9077184259745,0.0,-0.5,254.00000000000006,255.00000000000006
19.60000000000001,0.1,3.4126328020366468,-0.11412595301048034,-0.05653794538358373,0.0,277.14015676258214,0.0,-0.5,3.000000000000001,254.00000000000006
19.70000000000001,0.1,3.472702377506765,-0.11176770466243616,-0.059138814448873735,0.0,278.3725950968501,0.5,-0.0,1.0000000000000002,254.00000000000006
19.80000000000001,0.1,3.438008134246006,-0.11156605216620094,-0.06241980994541599,0.0,279.5721678124064,0.5,-0.0,254.00000000000006,254.00000000000006
19.900000000000013,0.1,3.3788020342189515,-0.1121337184726498,-0.06587505758339224,0.0,280.80292643783696,0.5,-0.0,142.00000000000003,254.00000000000006
20.000000000000014,0.1,3.3187627258693824,-0.11292734740960125,-0.06929468232615979,0.0,282.0353092983137,0.5,-0.0,1.0000000000000002,254.00000000000006
20.100000000000016,0.1,3.258694211317566,-0.11392553329954119,-0.07266060292971574,0.0,283.2677463098494,0.5,-0.0,14.000000000000004,254.00000000000006
20.200000000000017,0.1,3.1986246730295207,-0.11512401149863316,-0.07596052805040776,0.0,284.50018469230235,0.5,-0.0,254.00000000000006,254.00000000000006
20.30000000000002,0.1,3.1385550988605027,-0.11651843487405256,-0.07918255210944822,0.0,285.7326230423173,0.5,-0.0,254.00000000000006,254.00000000000006
20.40000000000002,0.1,3.0784855234343587,-0.11810377248954024,-0.08231505268826725,0.0,286.96506137892493,0.5,-0.0,254.00000000000006,254.00000000000006
20.50000000000002,0.1,3.0184159479642405,-0.11987430557312345,-0.08534673007311099,0.0,288.1974997131929,0.5,-0.0,254.00000000000006,1.0000000000000002
20.600000000000023,0.1,2.9583463724925942,-0.12182364733467527,-0.08826664819732544,0.0,289.42993804709295,0.0,-0.5,255.00000000000006,91.00000000000001
20.700000000000024,0.1,2.993040615753302,-0.12153972601331703,-0.09154155031177726,0.0,290.6295107625938,0.0,-0.5,254.00000000000006,255.00000000000006
20.800000000000026,0.1,3.0522467157803543,-0.12046920887977847,-0.0948754630793483,0.0,291.8602693880148,0.0,-0.5,255.00000000000006,254.00000000000006
20.900000000000027,0.1,3.1122860241299226,-0.11918044294759023,-0.09814085166922677,0.0,293.0926522484906,0.0,-0.5,254.00000000000006,54.000000000000014
21.00000000000003,0.1,3.172354538681739,-0.11769726414111398,-0.10132298573433647,0.0,294.32508926002583,0.0,-0.5,254.00000000000006,0.0
21.10000000000003,0.1,3.2324240769697843,-0.11602570139383012,-0.10441033634250599,0.0,295.5575276424793,0.0,-0.5,255.00000000000006,11.000000000000002
21.20000000000003,0.1,3.2924936511388023,-0.11417180839519969,-0.10739176826971499,0.0,296.78996599249376,0.0,-0.5,254.00000000000006,254.00000000000006
21.300000000000033,0.1,3.3525632265649463,-0.11214227345988348,-0.11025652710384291,0.0,298.0224043291014,0.0,-0.5,254.00000000000006,254.00000000000006
21.400000000000034,0.1,3.4126328020350645,-0.10994441769010432,-0.11299427895181657,0.0,299.2548426633689,0.0,-0.5,254.00000000000006,254.00000000000006
21.500000000000036,0.1,3.4727023775067107,-0.10758616934250156,-0.11559514801550946,0.0,300.4872809972694,0.0,-0.5,3.000000000000001,254.00000000000006
21.600000000000037,0.1,3.532771952978399,-0.10507603525299805,-0.11804975226193302,0.0,301.71971933111354,0.5,-0.0,1.0000000000000002,254.00000000000006
21.70000000000004,0.1,3.4980777097176934,-0.10467777696349975,-0.12131272414513464,0.0,302.9192920466062,0.5,-0.0,31.000000000000007,255.00000000000006
21.80000000000004,0.1,3.438871609690641,-0.10503698894828234,-0.12479581874978218,0.0,304.1500506720254,0.5,-0.0,1.0000000000000002,254.00000000000006
21.90000000000004,0.1,3.3788323013410726,-0.10562389457509147,-0.12825692002771258,0.0,305.38243353250164,0.5,-0.0,18.000000000000004,254.00000000000006
22.000000000000043,0.1,3.318763786789256,-0.10641821225401993,-0.13167669429003648,0.0,306.6148705440364,0.5,-0.0,255.00000000000006,254.00000000000006
22.100000000000044,0.1,3.258694248501211,-0.10741642292493714,-0.1350426163408777,0.0,307.84730892648986,0.5,-0.0,254.00000000000006,246.00000000000006
22.200000000000045,0.1,3.198624674332193,-0.10861490202870513,-0.13834254110135075,0.0,309.07974727650435,0.5,-0.0,254.00000000000006,1.0000000000000002
22.300000000000047,0.1,3.138555098906049,-0.11000932543699579,-0.14156456509098725,0.0,310.31218561311243,0.0,-0.5,254.00000000000006,89.00000000000001
22.40000000000005,0.1,3.1732493421683334,-0.10914302502081966,-0.14473554581894593,0.0,311.5117583290403,0.0,-0.5,254.00000000000006,254.00000000000006
22.50000000000005,0.1,3.2324554421954392,-0.1074922899167016,-0.1478235961574047,0.0,312.74251695452676,0.0,-0.5,254.00000000000006,254.00000000000006
22.60000000000005,0.1,3.29249475054501,-0.1056391221945874,-0.1508051141709128,0.0,313.9748998150121,0.0,-0.5,254.00000000000006,254.00000000000006
22.700000000000053,0.1,3.352563265096827,-0.10360961197973176,-0.1536698802814619,0.0,315.20733682654964,0.0,-0.5,254.00000000000006,241.00000000000006
22.800000000000054,0.1,3.4126328033848723,-0.10141175696216884,-0.15640763284837744,0.0,316.43977520900216,0.0,-0.5,254.00000000000006,42.00000000000001
22.900000000000055,0.1,3.4727023775538903,-0.09905350862077505,-0.15900850200065447,0.0,317.67221355901756,0.0,-0.5,254.00000000000006,1.0000000000000002
23.000000000000057,0.1,3.5327719529800343,-0.09654337452790665,-0.1614631062594306,0.0,318.90465189562474,0.0,-0.5,254.00000000000006,1.0000000000000002
23.10000000000006,0.1,3.5928415284501525,-0.09389040942461269,-0.1637625912727626,0.0,320.13709022989315,0.0,-0.5,254.00000000000006,0.0
23.20000000000006,0.1,3.6529111039217987,-0.09110418326767167,-0.16589866218867882,0.0,321.36952856379276,0.0,-0.5,254.00000000000006,1.0000000000000002
23.30000000000006,0.1,3.712980679393487,-0.0881947467238508,-0.16786361362607616,0.0,322.60196689763734,0.0,-0.5,254.00000000000006,0.0
23.400000000000063,0.1,3.7730502548651756,-0.08517259491333873,-0.1696503574767224,0.0,323.8344052314724,0.0,-0.5,255.00000000000006,189.00000000000003
23.500000000000064,0.1,3.833119830336864,-0.08204862955068773,-0.17125244847492552,0.0,325.06684356530695,0.0,-0.5,254.00000000000006,254.00000000000006
23.600000000000065,0.1,3.8931894058085526,-0.07883411961933509,-0.1726641074474812,0.0,326.2992818991397,0.0,-0.5,254.00000000000006,254.00000000000006
23.700000000000067,0.1,3.953258981280241,-0.0755406607213372,-0.173880242160726,0.0,327.53172023297384,0.0,-0.5,252.00000000000006,254.00000000000006
23.800000000000068,0.1,4.013328556751939,-0.07218013324891151,-0.17489646568959744,0.0,328.76415856680705,0.0,-0.5,45.00000000000001,254.00000000000006
23.90000000000007,0.1,4.073398132223672,-0.06876465952866526,-0.17570911224245275,0.0,329.9965969006407,0.5,-0.0,1.0000000000000002,254.00000000000006
24.00000000000007,0.1,4.038703888962961,-0.06674383478829538,-0.17830176774297396,0.0,331.1961696161311,0.5,-0.0,0.0,254.00000000000006
24.100000000000072,0.1,3.9794977889359107,-0.06525916367488141,-0.18147300298494573,0.0,332.42692824155074,0.5,-0.0,0.0,254.00000000000006
24.200000000000074,0.1,3.9194584805863424,-0.06398103340344316,-0.18474256920695498,0.0,333.65931110202655,0.5,-0.0,254.00000000000006,254.00000000000006
24.300000000000075,0.1,3.859389966034526,-0.06290200533822285,-0.18808345157764353,0.0,334.8917481135618,0.5,-0.0,255.00000000000006,166.00000000000003
24.400000000000077,0.1,3.7993204277464807,-0.06202550866408241,-0.19148309999712637,0.0,336.1241864960148,0.5,-0.0,255.00000000000006,1.0000000000000002
24.500000000000078,0.1,3.7392508535774627,-0.06135468647651124,-0.19492923597523487,0.0,337.3566248460297,0.0,-0.5,254.00000000000006,198.00000000000006
24.60000000000008,0.1,3.7739450968836907,-0.05884774754052166,-0.19705546560305878,0.0,338.55619756441683,0.0,-0.5,254.00000000000006,254.00000000000006
24.70000000000008,0.1,3.833151196912351,-0.05574056867906635,-0.1986699069337889,0.0,339.7869561902762,0.0,-0.5,254.00000000000006,254.00000000000006
24.800000000000082,0.1,3.8931905052619773,-0.052526608370926764,-0.20008204694471818,0.0,341.01933905081887,0.0,-0.5,254.00000000000006,254.00000000000006
24.900000000000084,0.1,3.953259019813798,-0.04923316574496214,-0.20129820164296913,0.0,342.2517760623641,0.0,-0.5,254.00000000000006,255.00000000000006
25.000000000000085,0.1,4.013328558101846,-0.045872638485289385,-0.20231442619143897,0.0,343.48421444481846,0.0,-0.5,255.00000000000006,13.000000000000004
25.100000000000087,0.1,4.0733981322708575,-0.04245716471986399,-0.20312707282106884,0.0,344.7166527948334,0.0,-0.5,254.00000000000006,1.0000000000000002
25.200000000000088,0.1,4.133467707697003,-0.03899906527450689,-0.20373321097149671,0.0,345.94909113144104,0.0,-0.5,254.00000000000006,1.0000000000000002
25.30000000000009,0.1,4.193537283167117,-0.03551081441691731,-0.20413065420059978,0.0,347.181529465709,0.0,-0.5,254.00000000000006,35.00000000000001
25.40000000000009,0.1,4.253606858638758,-0.032004995199525266,-0.20431796883006154,0.0,348.4139677996095,0.0,-0.5,254.00000000000006,254.00000000000006
25.500000000000092,0.1,4.313676434110491,-0.0284942540541899,-0.2042944791664244,0.0,349.64640613345364,0.0,-0.5,254.00000000000006,254.00000000000006
25.600000000000094,0.1,4.373746009582224,-0.024991255168460375,-0.2040602699433316,0.0,350.8788444672891,0.0,-0.5,254.00000000000006,254.00000000000006
25.700000000000095,0.1,4.4338155850539565,-0.021508634801628845,-0.2036161860164698,0.0,352.1112828011228,0.0,-0.5,150.00000000000003,254.00000000000006
25.800000000000097,0.1,4.493885160525689,-0.018058955702212415,-0.2029638293160279,0.0,353.34372113495647,0.0,-0.5,1.0000000000000002,254.00000000000006
25.900000000000098,0.1,4.553954735997422,-0.014654661790719226,-0.2021055530681153,0.0,354.57615946879014,0.5,-0.0,1.0000000000000002,254.00000000000006
26.0000000000001,0.1,4.519260492736711,-0.011664206052189346,-0.20347038626362618,0.0,355.77573218428006,0.5,-0.0,1.0000000000000002,254.00000000000006
26.1000000000001,0.1,4.460054392709661,-0.008881716296287256,-0.20559611720455662,0.0,357.00649080970015,0.5,-0.0,1.0000000000000002,254.00000000000006
26.200000000000102,0.1,4.4000150843600965,-0.006236918365077643,-0.20790452015333744,0.0,358.2388736701755,0.5,-0.0,253.00000000000006,248.00000000000006
26.300000000000104,0.1,4.339946569808286,-0.003735704361339326,-0.21036820135994955,0.0,359.4713106817112,0.5,-0.0,254.00000000000006,1.0000000000000002
26.400000000000105,0.1,4.279877031520232,-0.0013869166426899449,-0.2129776173958844,0.0,360.70374906416373,0.0,-0.5,254.00000000000006,0.0
26.500000000000107,0.1,4.314571276083406,0.00185681213320249,-0.2135103644213462,0.0,361.90332179934876,0.0,-0.5,255.00000000000006,255.00000000000006
26.600000000000108,0.1,4.373777376156181,0.005351774891046851,-0.21329538376897067,0.0,363.1340804277197,0.0,-0.5,254.00000000000006,255.00000000000006
26.70000000000011,0.1,4.433816684507371,0.008834171597348506,-0.2128519951546438,0.0,364.36646328863526,0.0,-0.5,255.00000000000006,254.00000000000006
26.80000000000011,0.1,4.493885199059243,0.01228384703132876,-0.21219966396391648,0.0,365.5989003002369,0.0,-0.5,254.00000000000006,254.00000000000006
26.900000000000112,0.1,4.5539547373473,0.015688141285207763,-0.21134138869969943,0.0,366.83133868270033,0.0,-0.5,254.00000000000006,254.00000000000006
27.000000000000114,0.1,4.614024311516311,0.01903476988310661,-0.21028028898020046,0.0,368.0637770327162,0.0,-0.5,254.00000000000006,238.00000000000006
27.100000000000115,0.1,4.674093886942456,0.022311660834232333,-0.20902019337834338,0.0,369.2962153693243,0.0,-0.5,254.00000000000006,140.00000000000003
27.200000000000117,0.1,4.734163462412571,0.02550699356630752,-0.2075656474364202,0.0,370.5286537035918,0.0,-0.5,254.00000000000006,8.000000000000002
27.300000000000118,0.1,4.7942330378842115,0.028609241663667573,-0.20592189809486244,0.0,371.7610920374923,0.0,-0.5,254.00000000000006,0.0
27.40000000000012,0.1,4.854302613355944,0.031607214484294904,-0.20409487479981991,0.0,372.9935303713364,0.0,-0.5,254.00000000000006,1.0000000000000002
27.50000000000012,0.1,4.914372188827677,0.03449009753395604,-0.20209116811580147,0.0,374.2259687051719,0.0,-0.5,254.00000000000006,1.0000000000000002
27.600000000000122,0.1,4.97444176429941,0.037247491478000175,-0.19991800595183037,0.0,375.4584070390051,0.0,-0.5,254.00000000000006,4.000000000000001
27.700000000000124,0.1,5.034511339771143,0.03986944965471019,-0.19758322748843293,0.0,376.69084537283925,0.0,-0.5,254.00000000000006,249.00000000000006
27.800000000000125,0.1,5.094580915242876,0.04234651395561122,-0.19509525489960453,0.0,377.92328370667246,0.0,-0.5,254.00000000000006,254.00000000000006
27.900000000000126,0.1,5.154650490714609,0.04466974894341587,-0.19246306297176186,0.0,379.15572204050613,0.0,-0.5,254.00000000000006,254.00000000000006
28.000000000000128,0.1,5.2147200661863415,0.046830774084550414,-0.18969614672927368,0.0,380.38816037433935,0.0,-0.5,236.00000000000006,254.00000000000006
28.10000000000013,0.1,5.274789641658074,0.04882179397999396,-0.18680448718335407,0.0,381.620598708173,0.0,-0.5,0.0,254.00000000000006
28.20000000000013,0.1,5.334859217129807,0.05063562648538017,-0.18379851532786962,0.0,382.85303704200624,0.5,-0.0,1.0000000000000002,254.00000000000006
28.300000000000132,0.1,5.300164973869096,0.05372041515041942,-0.18266287715145982,0.0,384.05260975749707,0.5,-0.0,1.0000000000000002,254.00000000000006
28.400000000000134,0.1,5.240958873842046,0.05719310309996002,-0.1822140791121985,0.0,385.2833683829167,0.5,-0.0,249.00000000000006,255.00000000000006
28.500000000000135,0.1,5.180919565492482,0.060696578564019596,-0.18199195314882857,0.0,386.51575124339206,0.5,-0.0,255.00000000000006,0.0
28.600000000000136,0.1,5.120851050940671,0.06420737344954486,-0.18198118968840712,0.0,387.7481882549273,0.0,-0.5,255.00000000000006,1.0000000000000002
28.700000000000138,0.1,5.155545331383606,0.06676714070789902,-0.1799188628887317,0.0,388.94776111931833,0.0,-0.5,254.00000000000006,254.00000000000006
28.80000000000014,0.1,5.214751432714461,0.06893713883176532,-0.17717075625932183,0.0,390.1785197659892,0.0,-0.5,255.00000000000006,255.00000000000006
28.90000000000014,0.1,5.274790741109839,0.07092852782477323,-0.174279726990396,0.0,391.41090262940725,0.0,-0.5,254.00000000000006,246.00000000000006
29.000000000000142,0.1,5.334859255663277,0.07274237689984123,-0.17127377487407114,0.0,392.64333964137904,0.0,-0.5,254.00000000000006,112.00000000000003
29.100000000000144,0.1,5.394928793951386,0.07437247999500747,-0.1681643344586773,0.0,393.87577802389933,0.0,-0.5,254.00000000000006,0.0
29.200000000000145,0.1,5.454998368120398,0.07581297162373399,-0.16496264124182974,0.0,395.10821637392337,0.0,-0.5,254.00000000000006,1.0000000000000002
29.300000000000146,0.1,5.515067943546543,0.07705865634927864,-0.16168024504454181,0.0,396.3406547105333,0.0,-0.5,255.00000000000006,1.0000000000000002
29.400000000000148,0.1,5.575137519016658,0.07810504071703694,-0.15832898633761505,0.0,397.57309304480077,0.0,-0.5,254.00000000000006,1.0000000000000002
29.50000000000015,0.1,5.6352070944882975,0.0789483501446009,-0.15492095400724776,0.0,398.80553137870174,0.0,-0.5,254.00000000000006,251.00000000000006
29.60000000000015,0.1,5.69527666996003,0.07958554258901104,-0.15146844174186266,0.0,400.0379697125454,0.0,-0.5,254.00000000000006,254.00000000000006
29.700000000000152,0.1,5.755346245431763,0.08001431952584989,-0.147983903681798,0.0,401.27040804638136,0.0,-0.5,254.00000000000006,254.00000000000006
29.800000000000153,0.1,5.815415820903496,0.08023313424138097,-0.144479909493185,0.0,402.5028463802146,0.0,-0.5,241.00000000000006,254.00000000000006
29.900000000000155,0.1,5.875485396375229,0.08024119741206481,-0.14096909902566618,0.0,403.73528471404825,0.0,-0.5,1.0000000000000002,254.00000000000006
30.000000000000156,0.1,5.935554971846962,0.08003847995187605,-0.13746413671703928,0.0,404.967723047881,0.5,-0.0,0.0,254.00000000000006
30.100000000000158,0.1,5.900860728586251,0.08194137190566195,-0.13478372678796297,0.0,406.16729576337275,0.5,-0.0,7.000000000000002,254.00000000000006
30.20000000000016,0.1,5.8416546285592,0.08455247191417012,-0.13245067341941394,0.0,407.3980543887915,0.5,-0.0,0.0,254.00000000000006
30.30000000000016,0.1,5.781615320209636,0.08731708866655769,-0.13028720988071288,0.0,408.6304372492673,0.5,-0.0,70.00000000000001,254.00000000000006
30.400000000000162,0.1,5.721546805657826,0.09020720910973004,-0.1282939712085344,0.0,409.8628742608025,0.5,-0.0,255.00000000000006,255.00000000000006
30.500000000000163,0.1,5.661477267369771,0.09321179713374751,-0.12647784714839902,0.0,411.09531264325597,0.5,-0.0,255.00000000000006,254.00000000000006
30.600000000000165,0.1,5.60140769320076,0.09631999461031648,-0.12484537539256307,0.0,412.32775099327046,0.5,-0.0,254.00000000000006,0.0
30.700000000000166,0.1,5.541338117774615,0.09952058893454946,-0.1234024439308957,0.0,413.5601893298781,0.0,-0.5,254.00000000000006,62.000000000000014
30.800000000000168,0.1,5.576032361036896,0.1010155234496338,-0.12047485687262366,0.0,414.7597620458064,0.0,-0.5,255.00000000000006,255.00000000000006
30.90000000000017,0.1,5.635238461064004,0.10187470237639454,-0.11708033292240125,0.0,415.99052067129287,0.0,-0.5,254.00000000000006,254.00000000000006
31.00000000000017,0.1,5.695277769413574,0.10251248904204657,-0.11362824537422474,0.0,417.2229035317787,0.0,-0.5,255.00000000000006,245.00000000000006
31.100000000000172,0.1,5.755346283965384,0.10294128916179958,-0.11014371857167973,0.0,418.45534054331574,0.0,-0.5,254.00000000000006,0.0
31.200000000000173,0.1,5.8154158222534384,0.10316010491854527,-0.10663972435643358,0.0,419.6877789257687,0.0,-0.5,255.00000000000006,1.0000000000000002
31.300000000000175,0.1,5.87548539642245,0.10316816815360208,-0.10312891382734014,0.0,420.92021727578367,0.0,-0.5,254.00000000000006,31.000000000000007
31.400000000000176,0.1,5.935554971848595,0.10296545069926115,-0.09962395150727338,0.0,422.1526556123913,0.0,-0.5,254.00000000000006,254.00000000000006
31.500000000000178,0.1,5.99562454731871,0.10255268386527544,-0.09613748069761555,0.0,423.38509394665925,0.0,-0.5,254.00000000000006,254.00000000000006
31.60000000000018,0.1,6.055694122790349,0.10193135661725625,-0.09268207802841552,0.0,424.6175322805593,0.0,-0.5,254.00000000000006,254.00000000000006
31.70000000000018,0.1,6.115763698262082,0.10110371025024384,-0.08927020806532794,0.0,425.84997061440345,0.0,-0.5,1.0000000000000002,254.00000000000006
31.800000000000182,0.1,6.175833273733815,0.10007273030739096,-0.08591417834093051,0.0,427.08240894823894,0.5,-0.0,0.0,254.00000000000006
31.900000000000183,0.1,6.141139030473104,0.10128309053269846,-0.08285793500953907,0.0,428.2819816637302,0.5,-0.0,140.00000000000003,254.00000000000006
32.000000000000185,0.1,6.081932930446054,0.10326397472163752,-0.07997053494980683,0.0,429.51274028914895,0.5,-0.0,0.0,255.00000000000006
32.100000000000186,0.1,6.021893622096489,0.10543432318311237,-0.07721131987543431,0.0,430.74512314962476,0.5,-0.0,0.0,254.00000000000006
32.20000000000019,0.1,5.961825107544679,0.10776707875061053,-0.0745875729282961,0.0,431.9775601611591,0.5,-0.0,254.00000000000006,255.00000000000006
32.30000000000019,0.1,5.901755569256625,0.11025316193495481,-0.07210861221937138,0.0,433.209998543613,0.5,-0.0,254.00000000000006,254.00000000000006
32.40000000000019,0.1,5.841685995087613,0.11288358233636772,-0.06978337156542122,0.0,434.44243689362656,0.5,-0.0,255.00000000000006,149.00000000000003
32.50000000000019,0.1,5.781616419661468,0.11564885065036934,-0.06762023810144803,0.0,435.6748752302342,0.0,-0.5,254.00000000000006,0.0
32.60000000000019,0.1,5.816310662923749,0.11640415185760178,-0.06442100143084901,0.0,436.8744479461625,0.0,-0.5,254.00000000000006,247.00000000000006
32.700000000000195,0.1,5.875516762950857,0.11643084325418439,-0.060919534760127764,0.0,438.10520657164807,0.0,-0.5,255.00000000000006,66.00000000000001
32.800000000000196,0.1,5.935556071300427,0.11622880401554275,-0.057414843558722437,0.0,439.3375894321339,0.0,-0.5,254.00000000000006,1.0000000000000002
32.9000000000002,0.1,5.995624585852237,0.11581606237679129,-0.05392837816810181,0.0,440.57002644367003,0.0,-0.5,254.00000000000006,1.0000000000000002
33.0000000000002,0.1,6.055694124140292,0.11519473613365704,-0.05047297522553908,0.0,441.802464826123,0.0,-0.5,254.00000000000006,255.00000000000006
33.1000000000002,0.1,6.115763698309303,0.11436708981450586,-0.047061105187371076,0.0,443.0349031761375,0.0,-0.5,254.00000000000006,254.00000000000006
33.2000000000002,0.1,6.175833273735448,0.11333610987460944,-0.04370507545047759,0.0,444.2673415127447,0.0,-0.5,254.00000000000006,254.00000000000006
33.3000000000002,0.1,6.235902849205563,0.11210551537812793,-0.040416992064815895,0.0,445.4997798470122,0.0,-0.5,1.0000000000000002,254.00000000000006
33.400000000000205,0.1,6.295972424677203,0.11067974541300554,-0.03720871602276457,0.0,446.7322181809118,0.5,-0.0,1.0000000000000002,254.00000000000006
33.500000000000206,0.1,6.26127818141649,0.11151508947081461,-0.03402944008616423,0.0,447.9317908964126,0.5,-0.0,227.00000000000006,254.00000000000006
33.60000000000021,0.1,6.202072081389439,0.1131356394572864,-0.030925442821938667,0.0,449.1625495218327,0.5,-0.0,1.0000000000000002,254.00000000000006
33.70000000000021,0.1,6.142032773039875,0.11495965106796671,-0.027925999221038514,0.0,450.394932382309,0.5,-0.0,0.0,254.00000000000006
33.80000000000021,0.1,6.081964258488065,0.11696113505240972,-0.025041582739264448,0.0,451.62736939384376,0.5,-0.0,255.00000000000006,255.00000000000006
33.90000000000021,0.1,6.02189472020001,0.11913219414560694,-0.02228253250236812,0.0,452.8598077762965,0.5,-0.0,255.00000000000006,254.00000000000006
34.00000000000021,0.1,5.961825146030999,0.12146497347199137,-0.01965879543449233,0.0,454.09224612631033,0.5,-0.0,254.00000000000006,254.00000000000006
34.100000000000215,0.1,5.901755570604854,0.12395105732741082,-0.01717983551242723,0.0,455.3246844629184,0.5,-0.0,255.00000000000006,1.0000000000000002
34.200000000000216,0.1,5.841685995134739,0.12658147772585052,-0.014854594945666974,0.0,456.55712279718523,0.0,-0.5,255.00000000000006,11.000000000000002
34.30000000000022,0.1,5.876380238395497,0.12714335540925525,-0.011615785187984326,0.0,457.75669551274245,0.0,-0.5,255.00000000000006,255.00000000000006
34.40000000000022,0.1,5.935586338422551,0.12695979351678008,-0.008119031506803986,0.0,458.9874541381714,0.0,-0.5,254.00000000000006,254.00000000000006
34.50000000000022,0.1,5.995625646772115,0.12654771995590547,-0.004632790601280898,0.0,460.21983699864836,0.0,-0.5,254.00000000000006,1.0000000000000002
34.60000000000022,0.1,6.055694161323926,0.12592641818347175,-0.001177391827204527,0.0,461.45227401018315,0.0,-0.5,254.00000000000006,1.0000000000000002
34.70000000000022,0.1,6.11576369961198,0.12509877280317386,0.0022344784693256042,0.0,462.68471239263636,0.0,-0.5,255.00000000000006,124.00000000000003
34.800000000000225,0.1,6.175833273780992,0.12406779290359436,0.00559050827157935,0.0,463.91715074265016,0.0,-0.5,254.00000000000006,254.00000000000006
34.900000000000226,0.1,6.235902849207137,0.12283719840910752,0.008878591667954905,0.0,465.14958907925825,0.0,-0.5,254.00000000000006,254.00000000000006
35.00000000000023,0.1,6.2959724246772515,0.12141142844406587,0.012086867711661231,0.0,466.38202741352507,0.0,-0.5,245.00000000000006,254.00000000000006
35.10000000000023,0.1,6.356042000148891,0.11979562614629269,0.015203763297008413,0.0,467.61446574742513,0.0,-0.5,1.0000000000000002,254.00000000000006
35.20000000000023,0.1,6.416111575620624,0.11799562014944556,0.01821803494454828,0.0,468.8469040812686,0.5,-0.0,8.000000000000002,254.00000000000006
35.30000000000023,0.1,6.381417332359913,0.11844390566664964,0.021474510842015265,0.0,470.046476796761,0.5,-0.0,254.00000000000006,254.00000000000006
35.40000000000023,0.1,6.3222112323328625,0.11968075949890195,0.02475035788859413,0.0,471.2772354221802,0.5,-0.0,255.00000000000006,255.00000000000006
35.500000000000234,0.1,6.262171923983298,0.1211321391913112,0.027946789846157782,0.0,472.50961828265577,0.5,-0.0,1.0000000000000002,254.00000000000006
35.600000000000236,0.1,6.202103409431488,0.12277349807218657,0.03105029393097586,0.0,473.7420552941903,0.5,-0.0,1.0000000000000002,254.00000000000006
35.70000000000024,0.1,6.1420338711434335,0.12459823494816323,0.03404965905201782,0.0,474.9744936766433,0.5,-0.0,255.00000000000006,254.00000000000006
35.80000000000024,0.1,6.081964296974422,0.12659974370427066,0.036934068573250406,0.0,476.2069320266571,0.5,-0.0,254.00000000000006,255.00000000000006
35.90000000000024,0.1,6.021894721548277,0.12877080355801124,0.0396931181093874,0.0,477.4393703632652,0.5,-0.0,254.00000000000006,254.00000000000006
36.00000000000024,0.1,5.961825146078162,0.1311035828918935,0.0423168550903454,0.0,478.671808697532,0.5,-0.0,255.00000000000006,1.0000000000000002
36.10000000000024,0.1,5.901755570606522,0.13358966674415215,0.044795815000264166,0.0,479.90424703143185,0.0,-0.5,255.00000000000006,96.00000000000003
36.200000000000244,0.1,5.936449813867235,0.13395609406043954,0.048062514588203056,0.0,481.10381974693223,0.0,-0.5,254.00000000000006,254.00000000000006
36.300000000000246,0.1,5.995655913894285,0.13356294103612815,0.051541941548845796,0.0,482.334578372353,0.0,-0.5,254.00000000000006,254.00000000000006
36.40000000000025,0.1,6.055695222243849,0.13294231961321917,0.05499715634973791,0.0,483.56696123282813,0.0,-0.5,254.00000000000006,28.000000000000007
36.50000000000025,0.1,6.115763736795659,0.13211469890973415,0.058409023954360664,0.0,484.79939824436383,0.0,-0.5,254.00000000000006,0.0
36.60000000000025,0.1,6.175833275083714,0.13108371993180407,0.06176505407087311,0.0,486.0318366268166,0.0,-0.5,254.00000000000006,113.00000000000003
36.70000000000025,0.1,6.235902849252725,0.1298531254736375,0.06505313753491128,0.0,487.2642749768306,0.0,-0.5,254.00000000000006,254.00000000000006
36.80000000000025,0.1,6.295972424678871,0.12842735550994358,0.0682614135894319,0.0,488.496713313438,0.0,-0.5,254.00000000000006,254.00000000000006
36.900000000000254,0.1,6.356042000148985,0.12681155321215146,0.0713783091764358,0.0,489.7291516477053,0.0,-0.5,239.00000000000006,255.00000000000006
37.000000000000256,0.1,6.416111575620626,0.12501154721528185,0.07439258082422733,0.0,490.9615899816056,0.0,-0.5,1.0000000000000002,254.00000000000006
37.10000000000026,0.1,6.476181151092359,0.12303383062520314,0.0772933552455113,0.0,492.19402831544926,0.5,-0.0,30.000000000000007,255.00000000000006
37.20000000000026,0.1,6.4414869078316475,0.12328581009469575,0.08057086977983037,0.0,493.39360103094054,0.5,-0.0,254.00000000000006,254.00000000000006
37.30000000000026,0.1,6.382280807804597,0.12432377267317449,0.0839150610065119,0.0,494.6243596563604,0.5,-0.0,254.00000000000006,255.00000000000006
37.40000000000026,0.1,6.322241499455033,0.12558064174786698,0.08719285910888992,0.0,495.85674251683577,0.5,-0.0,0.0,254.00000000000006
37.50000000000026,0.1,6.262172984903223,0.1270327261394222,0.09038930205380742,0.0,497.0891795283703,0.5,-0.0,1.0000000000000002,254.00000000000006
37.600000000000264,0.1,6.202103446615168,0.12867410960116235,0.09349280267848885,0.0,498.32161791082376,0.5,-0.0,254.00000000000006,254.00000000000006
37.700000000000266,0.1,6.142033872446157,0.13049884729318376,0.09649216726824249,0.0,499.5540562608378,0.5,-0.0,254.00000000000006,254.00000000000006
37.80000000000027,0.1,6.081964297020011,0.13250035606785385,0.09937657671495777,0.0,500.7864945974452,0.5,-0.0,254.00000000000006,254.00000000000006
37.90000000000027,0.1,6.021894721549897,0.13467141592024096,0.10213562624028123,0.0,502.01893293171224,0.5,-0.0,254.00000000000006,1.0000000000000002
38.00000000000027,0.1,5.961825146078256,0.1370041952536974,0.10475936321963801,0.0,503.2513712656123,0.0,-0.5,255.00000000000006,93.00000000000001
38.10000000000027,0.1,5.996519389338969,0.13717385040107066,0.10804216877387547,0.0,504.4509439811129,0.0,-0.5,254.00000000000006,254.00000000000006
38.20000000000027,0.1,6.0557254893660195,0.13657252445365814,0.11149171778496979,0.0,505.68170260653346,0.0,-0.5,255.00000000000006,255.00000000000006
38.300000000000274,0.1,6.115764797715584,0.13574559391714233,0.11490344259196315,0.0,506.91408546700904,0.0,-0.5,254.00000000000006,124.00000000000003
38.400000000000276,0.1,6.175833312267394,0.13471463973312167,0.11825947150285805,0.0,508.14652247854383,0.0,-0.5,255.00000000000006,1.0000000000000002
38.50000000000028,0.1,6.235902850555449,0.13348404617607618,0.12154755533591814,0.0,509.37896086099636,0.0,-0.5,254.00000000000006,0.0
38.60000000000028,0.1,6.29597242472446,0.13205827624457497,0.12475583146015974,0.0,510.6113992110111,0.0,-0.5,254.00000000000006,254.00000000000006
38.70000000000028,0.1,6.356042000150605,0.13044247394747896,0.12787272705803931,0.0,511.84383754761825,0.0,-0.5,254.00000000000006,254.00000000000006
38.80000000000028,0.1,6.416712271375435,0.12862355908623996,0.1309165860532927,0.0,513.0886002652255,0.0,-0.5,254.00000000000006,255.00000000000006
38.90000000000028,0.1,6.476781846847078,0.126644100370164,0.1338161719455817,0.0,514.321038599124,0.0,-0.5,67.00000000000001,254.00000000000006
39.000000000000284,0.1,6.536851422318811,0.12449413971033584,0.13659169429552498,0.0,515.5534769329674,0.5,-0.0,1.0000000000000002,254.00000000000006
39.100000000000286,0.1,6.502157179058099,0.12454692983968904,0.13987845689388234,0.0,516.7530496484596,0.5,-0.0,17.000000000000004,255.00000000000006
39.20000000000029,0.1,6.442951079031049,0.1253802141544666,0.14327943006720806,0.0,517.983808273879,0.5,-0.0,1.0000000000000002,254.00000000000006
39.30000000000029,0.1,6.382911770681485,0.1264360278227142,0.14662740524166984,0.0,519.2161911343546,0.5,-0.0,26.000000000000007,254.00000000000006
39.40000000000029,0.1,6.322843256129675,0.12769163044774856,0.14990601144374988,0.0,520.448628145889,0.5,-0.0,254.00000000000006,255.00000000000006
39.50000000000029,0.1,6.26277371784162,0.129141819233168,0.15310332410949212,0.0,521.6810665283422,0.5,-0.0,255.00000000000006,254.00000000000006
39.60000000000029,0.1,6.202704143672609,0.1307813389859926,0.15620780966543363,0.0,522.9135048783564,0.5,-0.0,254.00000000000006,1.0000000000000002
39.700000000000294,0.1,6.142634568246463,0.13260427466637817,0.1592082697529134,0.0,524.1459432149641,0.0,-0.5,254.00000000000006,1.0000000000000002
39.800000000000296,0.1,6.177328811508745,0.13218083084314833,0.16246806890573273,0.0,525.3455159308917,0.0,-0.5,255.00000000000006,254.00000000000006
39.9000000000003,0.1,6.236534911535853,0.13096898931862602,0.1657532510005742,0.0,526.5762745563777,0.0,-0.5,255.00000000000006,254.00000000000006
