{"fmus":{"{controllerFMU}":"file:///C:/Users/ken/Documents/Repositories/intocps-pilots/case-study_line_follower_robot/FMUs/LFRControllerModal.fmu","{sensorFMU}":"file:///C:/Users/ken/Documents/Repositories/intocps-pilots/case-study_line_follower_robot/FMUs/Sensor_Block.fmu","{bodyFMU}":"file:///C:/Users/ken/Documents/Repositories/intocps-pilots/case-study_line_follower_robot/FMUs/Body.fmu"},"connections":{"{bodyFMU}.body.robot_x":["{sensorFMU}.sensor1.robot_x","{sensorFMU}.sensor2.robot_x"],"{bodyFMU}.body.robot_y":["{sensorFMU}.sensor1.robot_y","{sensorFMU}.sensor2.robot_y"],"{bodyFMU}.body.robot_z":["{sensorFMU}.sensor1.robot_z","{sensorFMU}.sensor2.robot_z"],"{bodyFMU}.body.robot_theta":["{sensorFMU}.sensor1.robot_theta","{sensorFMU}.sensor2.robot_theta"],"{sensorFMU}.sensor1.lf_1_sensor_reading":["{controllerFMU}.controller.lfLeftVal"],"{sensorFMU}.sensor1.lf_1_sensor_fail_flag":["{controllerFMU}.controller.lfLeftFailFlag"],"{sensorFMU}.sensor2.lf_1_sensor_reading":["{controllerFMU}.controller.lfRightVal"],"{sensorFMU}.sensor2.lf_1_sensor_fail_flag":["{controllerFMU}.controller.lfRightFailFlag"],"{controllerFMU}.controller.servoRightVal":["{bodyFMU}.body.servo_right_input"],"{controllerFMU}.controller.servoLeftVal":["{bodyFMU}.body.servo_left_input"]},"parameters":{"{sensorFMU}.sensor1.lf_position_x":-0.01,"{sensorFMU}.sensor1.lf_position_y":0.065,"{sensorFMU}.sensor1.ambient_light":40,"{sensorFMU}.sensor1.noise_level":4,"{sensorFMU}.sensor1.lf_fail_time":0,"{sensorFMU}.sensor2.lf_position_x":0.01,"{sensorFMU}.sensor2.lf_position_y":0.065,"{sensorFMU}.sensor2.ambient_light":25,"{sensorFMU}.sensor2.noise_level":4,"{sensorFMU}.sensor2.lf_fail_time":0},"livestream":{"{sensorFMU}.sensor2":["lf_1_sensor_reading"],"{sensorFMU}.sensor1":["lf_1_sensor_reading"],"{controllerFMU}.controller":["servoLeftVal","servoRightVal"]},"loggingOn":true,"algorithm":{"type":"fixed-step","size":0.01},"multimodel_crc":null}