{"fmus":{"{controllerFMU}":"file:///C:/Users/ken/Documents/Repositories/intocps-pilots/case-study_line_follower_robot/FMUs/LFRModalController.fmu","{sensorFMU}":"file:///C:/Users/ken/Documents/Repositories/intocps-pilots/case-study_line_follower_robot/FMUs/Sensor_Block.fmu","{bodyFMU}":"file:///C:/Users/ken/Documents/Repositories/intocps-pilots/case-study_line_follower_robot/FMUs/Body.fmu","{3d}":"file:///C:/Users/ken/Documents/Repositories/intocps-pilots/case-study_line_follower_robot/FMUs/3DanimationFMU.fmu"},"connections":{"{bodyFMU}.body.robot_x":["{sensorFMU}.sensor1.robot_x","{sensorFMU}.sensor2.robot_x","{3d}.3dInstance.animation.robot.position.x"],"{bodyFMU}.body.robot_y":["{sensorFMU}.sensor1.robot_y","{sensorFMU}.sensor2.robot_y","{3d}.3dInstance.animation.robot.position.y"],"{bodyFMU}.body.robot_z":["{sensorFMU}.sensor1.robot_z","{sensorFMU}.sensor2.robot_z","{3d}.3dInstance.animation.robot.angle.z"],"{bodyFMU}.body.robot_theta":["{sensorFMU}.sensor1.robot_theta","{sensorFMU}.sensor2.robot_theta","{3d}.3dInstance.animation.robot.angle.z"],"{bodyFMU}.body.total_energy_used":["{controllerFMU}.controller.total_energy_used"],"{sensorFMU}.sensor1.lf_1_sensor_reading":["{controllerFMU}.controller.lfLeftVal","{3d}.3dInstance.animation.sensor.lf.left.reading"],"{sensorFMU}.sensor2.lf_1_sensor_reading":["{controllerFMU}.controller.lfRightVal","{3d}.3dInstance.animation.sensor.lf.right.reading"],"{controllerFMU}.controller.servoRightVal":["{bodyFMU}.body.servo_right_input"],"{controllerFMU}.controller.servoLeftVal":["{bodyFMU}.body.servo_left_input"]},"parameters":{"{sensorFMU}.sensor1.lf_position_x":-0.01,"{sensorFMU}.sensor1.lf_position_y":0.065,"{sensorFMU}.sensor1.ambient_light":10,"{sensorFMU}.sensor2.lf_position_x":0.01,"{sensorFMU}.sensor2.lf_position_y":0.065,"{sensorFMU}.sensor2.ambient_light":10,"{controllerFMU}.controller.forwardSpeed":0.4,"{controllerFMU}.controller.forwardRotate":0.5,"{controllerFMU}.controller.backwardRotate":0.1},"livestream":{"{sensorFMU}.sensor2":["lf_1_sensor_reading"],"{sensorFMU}.sensor1":["lf_1_sensor_reading"],"{controllerFMU}.controller":["servoLeftVal","servoRightVal"]},"loggingOn":true,"algorithm":{"type":"fixed-step","size":0.01},"multimodel_crc":null}